[
    {"type":"NDA","description":"Duis at velit eu est congue elementum. In hac habitasse platea dictumst.", "sla_min":"1", "sla_max":"1"},
    {"type":"Letter","description":"Proin interdum mauris non ligula pellentesque ultrices. Phasellus id sapien in sapien iaculis congue.", "sla_min":"1", "sla_max":"1"},
    {"type":"PoA","description":"Maecenas rhoncus aliquam lacus. Morbi quis tortor id nulla ultrices aliquet. Maecenas leo odio, condimentum id, luctus nec, molestie sed, justo. Pellentesque viverra pede ac diam.", "sla_min":"1", "sla_max":"1"},
    {"type":"Term Sheet","description":"Cras pellentesque volutpat dui. Maecenas tristique, est et tempus semper, est quam pharetra magna, ac consequat metus sapien ut nunc. ", "sla_min":"1", "sla_max":"2"},
    {"type":"MoU","description":"Aenean lectus. Pellentesque eget nunc. Donec quis orci eget orci vehicula condimentum.", "sla_min":"1", "sla_max":"2"},
    {"type":"Agreement","description":"Nulla facilisi. Cras non velit nec nisi vulputate nonummy. ", "sla_min":"3", "sla_max":"7"}
]
